{
  "ItemType": 25,
  "Id": 11011,
  "Body": {
    "Size": 0.1,
    "Velocity": 0.5,
    "Range": 0.5,
    "Lifetime": 1.0,
    "BulletPrefab": 7
  },
  "Triggers": [
    {
      "Condition": 1,
      "EffectType": 1,
      "VisualEffect": 1,
      "Color": "#00F8FF",
      "ColorMode": 1,
      "Size": 1.0,
      "Lifetime": 1.0
    },
    {
      "Condition": 1,
      "EffectType": 1,
      "VisualEffect": 1,
      "Color": "#4300FFBB",
      "ColorMode": 1,
      "Size": 10.0,
      "Lifetime": 0.9
    },
    {
      "Condition": 1,
      "EffectType": 1,
      "VisualEffect": 1,
      "Color": "#1E00D8FF",
      "ColorMode": 1,
      "Size": 7.0,
      "Lifetime": 0.8
    }
  ],
  "ImpactType": 1,
  "Effects": [
    {
      "DamageType": 1,
      "Power": 0.2
    }
  ]
}